Accuracy,AUC,Recall,Prec.,F1,Kappa,MCC,type,best_baseline_model,tuned_model
1.0,0.0,1.0,1.0,1.0,1.0,1.0,Serum,"LogisticRegression(C=1.0, class_weight=None, dual=False, fit_intercept=True,
                   intercept_scaling=1, l1_ratio=None, max_iter=1000,
                   multi_class='auto', n_jobs=None, penalty='l2',
                   random_state=42, solver='lbfgs', tol=0.0001, verbose=0,
                   warm_start=False)","LogisticRegression(C=8.426, class_weight='balanced', dual=False,
                   fit_intercept=True, intercept_scaling=1, l1_ratio=None,
                   max_iter=1000, multi_class='auto', n_jobs=None, penalty='l2',
                   random_state=42, solver='lbfgs', tol=0.0001, verbose=0,
                   warm_start=False)"
0.9972,0.0,0.9972,0.9972,0.9972,0.9963,0.9963,Serum,"LogisticRegression(C=1.0, class_weight=None, dual=False, fit_intercept=True,
                   intercept_scaling=1, l1_ratio=None, max_iter=1000,
                   multi_class='auto', n_jobs=None, penalty='l2',
                   random_state=42, solver='lbfgs', tol=0.0001, verbose=0,
                   warm_start=False)","LogisticRegression(C=8.426, class_weight='balanced', dual=False,
                   fit_intercept=True, intercept_scaling=1, l1_ratio=None,
                   max_iter=1000, multi_class='auto', n_jobs=None, penalty='l2',
                   random_state=42, solver='lbfgs', tol=0.0001, verbose=0,
                   warm_start=False)"
1.0,0.0,1.0,1.0,1.0,1.0,1.0,Serum,"LogisticRegression(C=1.0, class_weight=None, dual=False, fit_intercept=True,
                   intercept_scaling=1, l1_ratio=None, max_iter=1000,
                   multi_class='auto', n_jobs=None, penalty='l2',
                   random_state=42, solver='lbfgs', tol=0.0001, verbose=0,
                   warm_start=False)","LogisticRegression(C=8.426, class_weight='balanced', dual=False,
                   fit_intercept=True, intercept_scaling=1, l1_ratio=None,
                   max_iter=1000, multi_class='auto', n_jobs=None, penalty='l2',
                   random_state=42, solver='lbfgs', tol=0.0001, verbose=0,
                   warm_start=False)"
1.0,0.0,1.0,1.0,1.0,1.0,1.0,Serum,"LogisticRegression(C=1.0, class_weight=None, dual=False, fit_intercept=True,
                   intercept_scaling=1, l1_ratio=None, max_iter=1000,
                   multi_class='auto', n_jobs=None, penalty='l2',
                   random_state=42, solver='lbfgs', tol=0.0001, verbose=0,
                   warm_start=False)","LogisticRegression(C=8.426, class_weight='balanced', dual=False,
                   fit_intercept=True, intercept_scaling=1, l1_ratio=None,
                   max_iter=1000, multi_class='auto', n_jobs=None, penalty='l2',
                   random_state=42, solver='lbfgs', tol=0.0001, verbose=0,
                   warm_start=False)"
1.0,0.0,1.0,1.0,1.0,1.0,1.0,Serum,"LogisticRegression(C=1.0, class_weight=None, dual=False, fit_intercept=True,
                   intercept_scaling=1, l1_ratio=None, max_iter=1000,
                   multi_class='auto', n_jobs=None, penalty='l2',
                   random_state=42, solver='lbfgs', tol=0.0001, verbose=0,
                   warm_start=False)","LogisticRegression(C=8.426, class_weight='balanced', dual=False,
                   fit_intercept=True, intercept_scaling=1, l1_ratio=None,
                   max_iter=1000, multi_class='auto', n_jobs=None, penalty='l2',
                   random_state=42, solver='lbfgs', tol=0.0001, verbose=0,
                   warm_start=False)"
0.9994,0.0,0.9994,0.9994,0.9994,0.9993,0.9993,Serum,"LogisticRegression(C=1.0, class_weight=None, dual=False, fit_intercept=True,
                   intercept_scaling=1, l1_ratio=None, max_iter=1000,
                   multi_class='auto', n_jobs=None, penalty='l2',
                   random_state=42, solver='lbfgs', tol=0.0001, verbose=0,
                   warm_start=False)","LogisticRegression(C=8.426, class_weight='balanced', dual=False,
                   fit_intercept=True, intercept_scaling=1, l1_ratio=None,
                   max_iter=1000, multi_class='auto', n_jobs=None, penalty='l2',
                   random_state=42, solver='lbfgs', tol=0.0001, verbose=0,
                   warm_start=False)"
0.0011,0.0,0.0011,0.0011,0.0011,0.0015,0.0015,Serum,"LogisticRegression(C=1.0, class_weight=None, dual=False, fit_intercept=True,
                   intercept_scaling=1, l1_ratio=None, max_iter=1000,
                   multi_class='auto', n_jobs=None, penalty='l2',
                   random_state=42, solver='lbfgs', tol=0.0001, verbose=0,
                   warm_start=False)","LogisticRegression(C=8.426, class_weight='balanced', dual=False,
                   fit_intercept=True, intercept_scaling=1, l1_ratio=None,
                   max_iter=1000, multi_class='auto', n_jobs=None, penalty='l2',
                   random_state=42, solver='lbfgs', tol=0.0001, verbose=0,
                   warm_start=False)"
1.0,0.0,1.0,1.0,1.0,1.0,1.0,Moisturizer,"LogisticRegression(C=1.0, class_weight=None, dual=False, fit_intercept=True,
                   intercept_scaling=1, l1_ratio=None, max_iter=1000,
                   multi_class='auto', n_jobs=None, penalty='l2',
                   random_state=42, solver='lbfgs', tol=0.0001, verbose=0,
                   warm_start=False)","LogisticRegression(C=7.898000000000001, class_weight={}, dual=False,
                   fit_intercept=True, intercept_scaling=1, l1_ratio=None,
                   max_iter=1000, multi_class='auto', n_jobs=None, penalty='l2',
                   random_state=42, solver='lbfgs', tol=0.0001, verbose=0,
                   warm_start=False)"
1.0,0.0,1.0,1.0,1.0,1.0,1.0,Moisturizer,"LogisticRegression(C=1.0, class_weight=None, dual=False, fit_intercept=True,
                   intercept_scaling=1, l1_ratio=None, max_iter=1000,
                   multi_class='auto', n_jobs=None, penalty='l2',
                   random_state=42, solver='lbfgs', tol=0.0001, verbose=0,
                   warm_start=False)","LogisticRegression(C=7.898000000000001, class_weight={}, dual=False,
                   fit_intercept=True, intercept_scaling=1, l1_ratio=None,
                   max_iter=1000, multi_class='auto', n_jobs=None, penalty='l2',
                   random_state=42, solver='lbfgs', tol=0.0001, verbose=0,
                   warm_start=False)"
1.0,0.0,1.0,1.0,1.0,1.0,1.0,Moisturizer,"LogisticRegression(C=1.0, class_weight=None, dual=False, fit_intercept=True,
                   intercept_scaling=1, l1_ratio=None, max_iter=1000,
                   multi_class='auto', n_jobs=None, penalty='l2',
                   random_state=42, solver='lbfgs', tol=0.0001, verbose=0,
                   warm_start=False)","LogisticRegression(C=7.898000000000001, class_weight={}, dual=False,
                   fit_intercept=True, intercept_scaling=1, l1_ratio=None,
                   max_iter=1000, multi_class='auto', n_jobs=None, penalty='l2',
                   random_state=42, solver='lbfgs', tol=0.0001, verbose=0,
                   warm_start=False)"
1.0,0.0,1.0,1.0,1.0,1.0,1.0,Moisturizer,"LogisticRegression(C=1.0, class_weight=None, dual=False, fit_intercept=True,
                   intercept_scaling=1, l1_ratio=None, max_iter=1000,
                   multi_class='auto', n_jobs=None, penalty='l2',
                   random_state=42, solver='lbfgs', tol=0.0001, verbose=0,
                   warm_start=False)","LogisticRegression(C=7.898000000000001, class_weight={}, dual=False,
                   fit_intercept=True, intercept_scaling=1, l1_ratio=None,
                   max_iter=1000, multi_class='auto', n_jobs=None, penalty='l2',
                   random_state=42, solver='lbfgs', tol=0.0001, verbose=0,
                   warm_start=False)"
1.0,0.0,1.0,1.0,1.0,1.0,1.0,Moisturizer,"LogisticRegression(C=1.0, class_weight=None, dual=False, fit_intercept=True,
                   intercept_scaling=1, l1_ratio=None, max_iter=1000,
                   multi_class='auto', n_jobs=None, penalty='l2',
                   random_state=42, solver='lbfgs', tol=0.0001, verbose=0,
                   warm_start=False)","LogisticRegression(C=7.898000000000001, class_weight={}, dual=False,
                   fit_intercept=True, intercept_scaling=1, l1_ratio=None,
                   max_iter=1000, multi_class='auto', n_jobs=None, penalty='l2',
                   random_state=42, solver='lbfgs', tol=0.0001, verbose=0,
                   warm_start=False)"
1.0,0.0,1.0,1.0,1.0,1.0,1.0,Moisturizer,"LogisticRegression(C=1.0, class_weight=None, dual=False, fit_intercept=True,
                   intercept_scaling=1, l1_ratio=None, max_iter=1000,
                   multi_class='auto', n_jobs=None, penalty='l2',
                   random_state=42, solver='lbfgs', tol=0.0001, verbose=0,
                   warm_start=False)","LogisticRegression(C=7.898000000000001, class_weight={}, dual=False,
                   fit_intercept=True, intercept_scaling=1, l1_ratio=None,
                   max_iter=1000, multi_class='auto', n_jobs=None, penalty='l2',
                   random_state=42, solver='lbfgs', tol=0.0001, verbose=0,
                   warm_start=False)"
0.0,0.0,0.0,0.0,0.0,0.0,0.0,Moisturizer,"LogisticRegression(C=1.0, class_weight=None, dual=False, fit_intercept=True,
                   intercept_scaling=1, l1_ratio=None, max_iter=1000,
                   multi_class='auto', n_jobs=None, penalty='l2',
                   random_state=42, solver='lbfgs', tol=0.0001, verbose=0,
                   warm_start=False)","LogisticRegression(C=7.898000000000001, class_weight={}, dual=False,
                   fit_intercept=True, intercept_scaling=1, l1_ratio=None,
                   max_iter=1000, multi_class='auto', n_jobs=None, penalty='l2',
                   random_state=42, solver='lbfgs', tol=0.0001, verbose=0,
                   warm_start=False)"
1.0,0.0,1.0,1.0,1.0,1.0,1.0,Face Cleanser,"LogisticRegression(C=1.0, class_weight=None, dual=False, fit_intercept=True,
                   intercept_scaling=1, l1_ratio=None, max_iter=1000,
                   multi_class='auto', n_jobs=None, penalty='l2',
                   random_state=42, solver='lbfgs', tol=0.0001, verbose=0,
                   warm_start=False)","LogisticRegression(C=2.696, class_weight='balanced', dual=False,
                   fit_intercept=True, intercept_scaling=1, l1_ratio=None,
                   max_iter=1000, multi_class='auto', n_jobs=None, penalty='l2',
                   random_state=42, solver='lbfgs', tol=0.0001, verbose=0,
                   warm_start=False)"
1.0,0.0,1.0,1.0,1.0,1.0,1.0,Face Cleanser,"LogisticRegression(C=1.0, class_weight=None, dual=False, fit_intercept=True,
                   intercept_scaling=1, l1_ratio=None, max_iter=1000,
                   multi_class='auto', n_jobs=None, penalty='l2',
                   random_state=42, solver='lbfgs', tol=0.0001, verbose=0,
                   warm_start=False)","LogisticRegression(C=2.696, class_weight='balanced', dual=False,
                   fit_intercept=True, intercept_scaling=1, l1_ratio=None,
                   max_iter=1000, multi_class='auto', n_jobs=None, penalty='l2',
                   random_state=42, solver='lbfgs', tol=0.0001, verbose=0,
                   warm_start=False)"
0.9963,0.0,0.9963,0.9963,0.9963,0.9942,0.9942,Face Cleanser,"LogisticRegression(C=1.0, class_weight=None, dual=False, fit_intercept=True,
                   intercept_scaling=1, l1_ratio=None, max_iter=1000,
                   multi_class='auto', n_jobs=None, penalty='l2',
                   random_state=42, solver='lbfgs', tol=0.0001, verbose=0,
                   warm_start=False)","LogisticRegression(C=2.696, class_weight='balanced', dual=False,
                   fit_intercept=True, intercept_scaling=1, l1_ratio=None,
                   max_iter=1000, multi_class='auto', n_jobs=None, penalty='l2',
                   random_state=42, solver='lbfgs', tol=0.0001, verbose=0,
                   warm_start=False)"
0.9963,0.0,0.9963,0.9964,0.9963,0.9942,0.9942,Face Cleanser,"LogisticRegression(C=1.0, class_weight=None, dual=False, fit_intercept=True,
                   intercept_scaling=1, l1_ratio=None, max_iter=1000,
                   multi_class='auto', n_jobs=None, penalty='l2',
                   random_state=42, solver='lbfgs', tol=0.0001, verbose=0,
                   warm_start=False)","LogisticRegression(C=2.696, class_weight='balanced', dual=False,
                   fit_intercept=True, intercept_scaling=1, l1_ratio=None,
                   max_iter=1000, multi_class='auto', n_jobs=None, penalty='l2',
                   random_state=42, solver='lbfgs', tol=0.0001, verbose=0,
                   warm_start=False)"
0.9963,0.0,0.9963,0.9964,0.9963,0.9942,0.9942,Face Cleanser,"LogisticRegression(C=1.0, class_weight=None, dual=False, fit_intercept=True,
                   intercept_scaling=1, l1_ratio=None, max_iter=1000,
                   multi_class='auto', n_jobs=None, penalty='l2',
                   random_state=42, solver='lbfgs', tol=0.0001, verbose=0,
                   warm_start=False)","LogisticRegression(C=2.696, class_weight='balanced', dual=False,
                   fit_intercept=True, intercept_scaling=1, l1_ratio=None,
                   max_iter=1000, multi_class='auto', n_jobs=None, penalty='l2',
                   random_state=42, solver='lbfgs', tol=0.0001, verbose=0,
                   warm_start=False)"
0.9978,0.0,0.9978,0.9978,0.9978,0.9965,0.9965,Face Cleanser,"LogisticRegression(C=1.0, class_weight=None, dual=False, fit_intercept=True,
                   intercept_scaling=1, l1_ratio=None, max_iter=1000,
                   multi_class='auto', n_jobs=None, penalty='l2',
                   random_state=42, solver='lbfgs', tol=0.0001, verbose=0,
                   warm_start=False)","LogisticRegression(C=2.696, class_weight='balanced', dual=False,
                   fit_intercept=True, intercept_scaling=1, l1_ratio=None,
                   max_iter=1000, multi_class='auto', n_jobs=None, penalty='l2',
                   random_state=42, solver='lbfgs', tol=0.0001, verbose=0,
                   warm_start=False)"
0.0018,0.0,0.0018,0.0018,0.0018,0.0029,0.0028,Face Cleanser,"LogisticRegression(C=1.0, class_weight=None, dual=False, fit_intercept=True,
                   intercept_scaling=1, l1_ratio=None, max_iter=1000,
                   multi_class='auto', n_jobs=None, penalty='l2',
                   random_state=42, solver='lbfgs', tol=0.0001, verbose=0,
                   warm_start=False)","LogisticRegression(C=2.696, class_weight='balanced', dual=False,
                   fit_intercept=True, intercept_scaling=1, l1_ratio=None,
                   max_iter=1000, multi_class='auto', n_jobs=None, penalty='l2',
                   random_state=42, solver='lbfgs', tol=0.0001, verbose=0,
                   warm_start=False)"
1.0,0.0,1.0,1.0,1.0,1.0,1.0,Sunscreen,"LogisticRegression(C=1.0, class_weight=None, dual=False, fit_intercept=True,
                   intercept_scaling=1, l1_ratio=None, max_iter=1000,
                   multi_class='auto', n_jobs=None, penalty='l2',
                   random_state=42, solver='lbfgs', tol=0.0001, verbose=0,
                   warm_start=False)","LogisticRegression(C=1.0, class_weight=None, dual=False, fit_intercept=True,
                   intercept_scaling=1, l1_ratio=None, max_iter=1000,
                   multi_class='auto', n_jobs=None, penalty='l2',
                   random_state=42, solver='lbfgs', tol=0.0001, verbose=0,
                   warm_start=False)"
1.0,0.0,1.0,1.0,1.0,1.0,1.0,Sunscreen,"LogisticRegression(C=1.0, class_weight=None, dual=False, fit_intercept=True,
                   intercept_scaling=1, l1_ratio=None, max_iter=1000,
                   multi_class='auto', n_jobs=None, penalty='l2',
                   random_state=42, solver='lbfgs', tol=0.0001, verbose=0,
                   warm_start=False)","LogisticRegression(C=1.0, class_weight=None, dual=False, fit_intercept=True,
                   intercept_scaling=1, l1_ratio=None, max_iter=1000,
                   multi_class='auto', n_jobs=None, penalty='l2',
                   random_state=42, solver='lbfgs', tol=0.0001, verbose=0,
                   warm_start=False)"
0.9951,0.0,0.9951,0.9952,0.9951,0.9929,0.993,Sunscreen,"LogisticRegression(C=1.0, class_weight=None, dual=False, fit_intercept=True,
                   intercept_scaling=1, l1_ratio=None, max_iter=1000,
                   multi_class='auto', n_jobs=None, penalty='l2',
                   random_state=42, solver='lbfgs', tol=0.0001, verbose=0,
                   warm_start=False)","LogisticRegression(C=1.0, class_weight=None, dual=False, fit_intercept=True,
                   intercept_scaling=1, l1_ratio=None, max_iter=1000,
                   multi_class='auto', n_jobs=None, penalty='l2',
                   random_state=42, solver='lbfgs', tol=0.0001, verbose=0,
                   warm_start=False)"
1.0,0.0,1.0,1.0,1.0,1.0,1.0,Sunscreen,"LogisticRegression(C=1.0, class_weight=None, dual=False, fit_intercept=True,
                   intercept_scaling=1, l1_ratio=None, max_iter=1000,
                   multi_class='auto', n_jobs=None, penalty='l2',
                   random_state=42, solver='lbfgs', tol=0.0001, verbose=0,
                   warm_start=False)","LogisticRegression(C=1.0, class_weight=None, dual=False, fit_intercept=True,
                   intercept_scaling=1, l1_ratio=None, max_iter=1000,
                   multi_class='auto', n_jobs=None, penalty='l2',
                   random_state=42, solver='lbfgs', tol=0.0001, verbose=0,
                   warm_start=False)"
1.0,0.0,1.0,1.0,1.0,1.0,1.0,Sunscreen,"LogisticRegression(C=1.0, class_weight=None, dual=False, fit_intercept=True,
                   intercept_scaling=1, l1_ratio=None, max_iter=1000,
                   multi_class='auto', n_jobs=None, penalty='l2',
                   random_state=42, solver='lbfgs', tol=0.0001, verbose=0,
                   warm_start=False)","LogisticRegression(C=1.0, class_weight=None, dual=False, fit_intercept=True,
                   intercept_scaling=1, l1_ratio=None, max_iter=1000,
                   multi_class='auto', n_jobs=None, penalty='l2',
                   random_state=42, solver='lbfgs', tol=0.0001, verbose=0,
                   warm_start=False)"
0.999,0.0,0.999,0.999,0.999,0.9986,0.9986,Sunscreen,"LogisticRegression(C=1.0, class_weight=None, dual=False, fit_intercept=True,
                   intercept_scaling=1, l1_ratio=None, max_iter=1000,
                   multi_class='auto', n_jobs=None, penalty='l2',
                   random_state=42, solver='lbfgs', tol=0.0001, verbose=0,
                   warm_start=False)","LogisticRegression(C=1.0, class_weight=None, dual=False, fit_intercept=True,
                   intercept_scaling=1, l1_ratio=None, max_iter=1000,
                   multi_class='auto', n_jobs=None, penalty='l2',
                   random_state=42, solver='lbfgs', tol=0.0001, verbose=0,
                   warm_start=False)"
0.002,0.0,0.002,0.0019,0.002,0.0028,0.0028,Sunscreen,"LogisticRegression(C=1.0, class_weight=None, dual=False, fit_intercept=True,
                   intercept_scaling=1, l1_ratio=None, max_iter=1000,
                   multi_class='auto', n_jobs=None, penalty='l2',
                   random_state=42, solver='lbfgs', tol=0.0001, verbose=0,
                   warm_start=False)","LogisticRegression(C=1.0, class_weight=None, dual=False, fit_intercept=True,
                   intercept_scaling=1, l1_ratio=None, max_iter=1000,
                   multi_class='auto', n_jobs=None, penalty='l2',
                   random_state=42, solver='lbfgs', tol=0.0001, verbose=0,
                   warm_start=False)"
1.0,0.0,1.0,1.0,1.0,1.0,1.0,Toner,"GradientBoostingClassifier(ccp_alpha=0.0, criterion='friedman_mse', init=None,
                           learning_rate=0.1, loss='log_loss', max_depth=3,
                           max_features=None, max_leaf_nodes=None,
                           min_impurity_decrease=0.0, min_samples_leaf=1,
                           min_samples_split=2, min_weight_fraction_leaf=0.0,
                           n_estimators=100, n_iter_no_change=None,
                           random_state=42, subsample=1.0, tol=0.0001,
                           validation_fraction=0.1, verbose=0,
                           warm_start=False)","GradientBoostingClassifier(ccp_alpha=0.0, criterion='friedman_mse', init=None,
                           learning_rate=0.1, loss='log_loss', max_depth=8,
                           max_features='sqrt', max_leaf_nodes=None,
                           min_impurity_decrease=0.001, min_samples_leaf=5,
                           min_samples_split=10, min_weight_fraction_leaf=0.0,
                           n_estimators=290, n_iter_no_change=None,
                           random_state=42, subsample=0.25, tol=0.0001,
                           validation_fraction=0.1, verbose=0,
                           warm_start=False)"
0.9928,0.0,0.9928,0.9929,0.9928,0.9899,0.99,Toner,"GradientBoostingClassifier(ccp_alpha=0.0, criterion='friedman_mse', init=None,
                           learning_rate=0.1, loss='log_loss', max_depth=3,
                           max_features=None, max_leaf_nodes=None,
                           min_impurity_decrease=0.0, min_samples_leaf=1,
                           min_samples_split=2, min_weight_fraction_leaf=0.0,
                           n_estimators=100, n_iter_no_change=None,
                           random_state=42, subsample=1.0, tol=0.0001,
                           validation_fraction=0.1, verbose=0,
                           warm_start=False)","GradientBoostingClassifier(ccp_alpha=0.0, criterion='friedman_mse', init=None,
                           learning_rate=0.1, loss='log_loss', max_depth=8,
                           max_features='sqrt', max_leaf_nodes=None,
                           min_impurity_decrease=0.001, min_samples_leaf=5,
                           min_samples_split=10, min_weight_fraction_leaf=0.0,
                           n_estimators=290, n_iter_no_change=None,
                           random_state=42, subsample=0.25, tol=0.0001,
                           validation_fraction=0.1, verbose=0,
                           warm_start=False)"
0.9928,0.0,0.9928,0.9929,0.9927,0.9898,0.9899,Toner,"GradientBoostingClassifier(ccp_alpha=0.0, criterion='friedman_mse', init=None,
                           learning_rate=0.1, loss='log_loss', max_depth=3,
                           max_features=None, max_leaf_nodes=None,
                           min_impurity_decrease=0.0, min_samples_leaf=1,
                           min_samples_split=2, min_weight_fraction_leaf=0.0,
                           n_estimators=100, n_iter_no_change=None,
                           random_state=42, subsample=1.0, tol=0.0001,
                           validation_fraction=0.1, verbose=0,
                           warm_start=False)","GradientBoostingClassifier(ccp_alpha=0.0, criterion='friedman_mse', init=None,
                           learning_rate=0.1, loss='log_loss', max_depth=8,
                           max_features='sqrt', max_leaf_nodes=None,
                           min_impurity_decrease=0.001, min_samples_leaf=5,
                           min_samples_split=10, min_weight_fraction_leaf=0.0,
                           n_estimators=290, n_iter_no_change=None,
                           random_state=42, subsample=0.25, tol=0.0001,
                           validation_fraction=0.1, verbose=0,
                           warm_start=False)"
1.0,0.0,1.0,1.0,1.0,1.0,1.0,Toner,"GradientBoostingClassifier(ccp_alpha=0.0, criterion='friedman_mse', init=None,
                           learning_rate=0.1, loss='log_loss', max_depth=3,
                           max_features=None, max_leaf_nodes=None,
                           min_impurity_decrease=0.0, min_samples_leaf=1,
                           min_samples_split=2, min_weight_fraction_leaf=0.0,
                           n_estimators=100, n_iter_no_change=None,
                           random_state=42, subsample=1.0, tol=0.0001,
                           validation_fraction=0.1, verbose=0,
                           warm_start=False)","GradientBoostingClassifier(ccp_alpha=0.0, criterion='friedman_mse', init=None,
                           learning_rate=0.1, loss='log_loss', max_depth=8,
                           max_features='sqrt', max_leaf_nodes=None,
                           min_impurity_decrease=0.001, min_samples_leaf=5,
                           min_samples_split=10, min_weight_fraction_leaf=0.0,
                           n_estimators=290, n_iter_no_change=None,
                           random_state=42, subsample=0.25, tol=0.0001,
                           validation_fraction=0.1, verbose=0,
                           warm_start=False)"
1.0,0.0,1.0,1.0,1.0,1.0,1.0,Toner,"GradientBoostingClassifier(ccp_alpha=0.0, criterion='friedman_mse', init=None,
                           learning_rate=0.1, loss='log_loss', max_depth=3,
                           max_features=None, max_leaf_nodes=None,
                           min_impurity_decrease=0.0, min_samples_leaf=1,
                           min_samples_split=2, min_weight_fraction_leaf=0.0,
                           n_estimators=100, n_iter_no_change=None,
                           random_state=42, subsample=1.0, tol=0.0001,
                           validation_fraction=0.1, verbose=0,
                           warm_start=False)","GradientBoostingClassifier(ccp_alpha=0.0, criterion='friedman_mse', init=None,
                           learning_rate=0.1, loss='log_loss', max_depth=8,
                           max_features='sqrt', max_leaf_nodes=None,
                           min_impurity_decrease=0.001, min_samples_leaf=5,
                           min_samples_split=10, min_weight_fraction_leaf=0.0,
                           n_estimators=290, n_iter_no_change=None,
                           random_state=42, subsample=0.25, tol=0.0001,
                           validation_fraction=0.1, verbose=0,
                           warm_start=False)"
0.9971,0.0,0.9971,0.9972,0.9971,0.9959,0.996,Toner,"GradientBoostingClassifier(ccp_alpha=0.0, criterion='friedman_mse', init=None,
                           learning_rate=0.1, loss='log_loss', max_depth=3,
                           max_features=None, max_leaf_nodes=None,
                           min_impurity_decrease=0.0, min_samples_leaf=1,
                           min_samples_split=2, min_weight_fraction_leaf=0.0,
                           n_estimators=100, n_iter_no_change=None,
                           random_state=42, subsample=1.0, tol=0.0001,
                           validation_fraction=0.1, verbose=0,
                           warm_start=False)","GradientBoostingClassifier(ccp_alpha=0.0, criterion='friedman_mse', init=None,
                           learning_rate=0.1, loss='log_loss', max_depth=8,
                           max_features='sqrt', max_leaf_nodes=None,
                           min_impurity_decrease=0.001, min_samples_leaf=5,
                           min_samples_split=10, min_weight_fraction_leaf=0.0,
                           n_estimators=290, n_iter_no_change=None,
                           random_state=42, subsample=0.25, tol=0.0001,
                           validation_fraction=0.1, verbose=0,
                           warm_start=False)"
0.0035,0.0,0.0035,0.0035,0.0036,0.005,0.0049,Toner,"GradientBoostingClassifier(ccp_alpha=0.0, criterion='friedman_mse', init=None,
                           learning_rate=0.1, loss='log_loss', max_depth=3,
                           max_features=None, max_leaf_nodes=None,
                           min_impurity_decrease=0.0, min_samples_leaf=1,
                           min_samples_split=2, min_weight_fraction_leaf=0.0,
                           n_estimators=100, n_iter_no_change=None,
                           random_state=42, subsample=1.0, tol=0.0001,
                           validation_fraction=0.1, verbose=0,
                           warm_start=False)","GradientBoostingClassifier(ccp_alpha=0.0, criterion='friedman_mse', init=None,
                           learning_rate=0.1, loss='log_loss', max_depth=8,
                           max_features='sqrt', max_leaf_nodes=None,
                           min_impurity_decrease=0.001, min_samples_leaf=5,
                           min_samples_split=10, min_weight_fraction_leaf=0.0,
                           n_estimators=290, n_iter_no_change=None,
                           random_state=42, subsample=0.25, tol=0.0001,
                           validation_fraction=0.1, verbose=0,
                           warm_start=False)"
0.9545,0.0,0.9545,0.9614,0.9549,0.944,0.9455,Exfoliator,"SGDClassifier(alpha=0.0001, average=False, class_weight=None,
              early_stopping=False, epsilon=0.1, eta0=0.001, fit_intercept=True,
              l1_ratio=0.15, learning_rate='optimal', loss='hinge',
              max_iter=1000, n_iter_no_change=5, n_jobs=-1, penalty='l2',
              power_t=0.5, random_state=42, shuffle=True, tol=0.001,
              validation_fraction=0.1, verbose=0, warm_start=False)","SGDClassifier(alpha=0.0001, average=False, class_weight=None,
              early_stopping=False, epsilon=0.1, eta0=0.001, fit_intercept=True,
              l1_ratio=0.15, learning_rate='optimal', loss='hinge',
              max_iter=1000, n_iter_no_change=5, n_jobs=-1, penalty='l2',
              power_t=0.5, random_state=42, shuffle=True, tol=0.001,
              validation_fraction=0.1, verbose=0, warm_start=False)"
0.9205,0.0,0.9205,0.9329,0.9216,0.9024,0.9044,Exfoliator,"SGDClassifier(alpha=0.0001, average=False, class_weight=None,
              early_stopping=False, epsilon=0.1, eta0=0.001, fit_intercept=True,
              l1_ratio=0.15, learning_rate='optimal', loss='hinge',
              max_iter=1000, n_iter_no_change=5, n_jobs=-1, penalty='l2',
              power_t=0.5, random_state=42, shuffle=True, tol=0.001,
              validation_fraction=0.1, verbose=0, warm_start=False)","SGDClassifier(alpha=0.0001, average=False, class_weight=None,
              early_stopping=False, epsilon=0.1, eta0=0.001, fit_intercept=True,
              l1_ratio=0.15, learning_rate='optimal', loss='hinge',
              max_iter=1000, n_iter_no_change=5, n_jobs=-1, penalty='l2',
              power_t=0.5, random_state=42, shuffle=True, tol=0.001,
              validation_fraction=0.1, verbose=0, warm_start=False)"
0.9318,0.0,0.9318,0.9364,0.9315,0.9161,0.9166,Exfoliator,"SGDClassifier(alpha=0.0001, average=False, class_weight=None,
              early_stopping=False, epsilon=0.1, eta0=0.001, fit_intercept=True,
              l1_ratio=0.15, learning_rate='optimal', loss='hinge',
              max_iter=1000, n_iter_no_change=5, n_jobs=-1, penalty='l2',
              power_t=0.5, random_state=42, shuffle=True, tol=0.001,
              validation_fraction=0.1, verbose=0, warm_start=False)","SGDClassifier(alpha=0.0001, average=False, class_weight=None,
              early_stopping=False, epsilon=0.1, eta0=0.001, fit_intercept=True,
              l1_ratio=0.15, learning_rate='optimal', loss='hinge',
              max_iter=1000, n_iter_no_change=5, n_jobs=-1, penalty='l2',
              power_t=0.5, random_state=42, shuffle=True, tol=0.001,
              validation_fraction=0.1, verbose=0, warm_start=False)"
0.9659,0.0,0.9659,0.9674,0.9661,0.9581,0.9582,Exfoliator,"SGDClassifier(alpha=0.0001, average=False, class_weight=None,
              early_stopping=False, epsilon=0.1, eta0=0.001, fit_intercept=True,
              l1_ratio=0.15, learning_rate='optimal', loss='hinge',
              max_iter=1000, n_iter_no_change=5, n_jobs=-1, penalty='l2',
              power_t=0.5, random_state=42, shuffle=True, tol=0.001,
              validation_fraction=0.1, verbose=0, warm_start=False)","SGDClassifier(alpha=0.0001, average=False, class_weight=None,
              early_stopping=False, epsilon=0.1, eta0=0.001, fit_intercept=True,
              l1_ratio=0.15, learning_rate='optimal', loss='hinge',
              max_iter=1000, n_iter_no_change=5, n_jobs=-1, penalty='l2',
              power_t=0.5, random_state=42, shuffle=True, tol=0.001,
              validation_fraction=0.1, verbose=0, warm_start=False)"
0.931,0.0,0.931,0.9381,0.9285,0.9141,0.9162,Exfoliator,"SGDClassifier(alpha=0.0001, average=False, class_weight=None,
              early_stopping=False, epsilon=0.1, eta0=0.001, fit_intercept=True,
              l1_ratio=0.15, learning_rate='optimal', loss='hinge',
              max_iter=1000, n_iter_no_change=5, n_jobs=-1, penalty='l2',
              power_t=0.5, random_state=42, shuffle=True, tol=0.001,
              validation_fraction=0.1, verbose=0, warm_start=False)","SGDClassifier(alpha=0.0001, average=False, class_weight=None,
              early_stopping=False, epsilon=0.1, eta0=0.001, fit_intercept=True,
              l1_ratio=0.15, learning_rate='optimal', loss='hinge',
              max_iter=1000, n_iter_no_change=5, n_jobs=-1, penalty='l2',
              power_t=0.5, random_state=42, shuffle=True, tol=0.001,
              validation_fraction=0.1, verbose=0, warm_start=False)"
0.9408,0.0,0.9408,0.9472,0.9405,0.9269,0.9282,Exfoliator,"SGDClassifier(alpha=0.0001, average=False, class_weight=None,
              early_stopping=False, epsilon=0.1, eta0=0.001, fit_intercept=True,
              l1_ratio=0.15, learning_rate='optimal', loss='hinge',
              max_iter=1000, n_iter_no_change=5, n_jobs=-1, penalty='l2',
              power_t=0.5, random_state=42, shuffle=True, tol=0.001,
              validation_fraction=0.1, verbose=0, warm_start=False)","SGDClassifier(alpha=0.0001, average=False, class_weight=None,
              early_stopping=False, epsilon=0.1, eta0=0.001, fit_intercept=True,
              l1_ratio=0.15, learning_rate='optimal', loss='hinge',
              max_iter=1000, n_iter_no_change=5, n_jobs=-1, penalty='l2',
              power_t=0.5, random_state=42, shuffle=True, tol=0.001,
              validation_fraction=0.1, verbose=0, warm_start=False)"
0.0168,0.0,0.0168,0.0142,0.017,0.0207,0.0202,Exfoliator,"SGDClassifier(alpha=0.0001, average=False, class_weight=None,
              early_stopping=False, epsilon=0.1, eta0=0.001, fit_intercept=True,
              l1_ratio=0.15, learning_rate='optimal', loss='hinge',
              max_iter=1000, n_iter_no_change=5, n_jobs=-1, penalty='l2',
              power_t=0.5, random_state=42, shuffle=True, tol=0.001,
              validation_fraction=0.1, verbose=0, warm_start=False)","SGDClassifier(alpha=0.0001, average=False, class_weight=None,
              early_stopping=False, epsilon=0.1, eta0=0.001, fit_intercept=True,
              l1_ratio=0.15, learning_rate='optimal', loss='hinge',
              max_iter=1000, n_iter_no_change=5, n_jobs=-1, penalty='l2',
              power_t=0.5, random_state=42, shuffle=True, tol=0.001,
              validation_fraction=0.1, verbose=0, warm_start=False)"
1.0,0.0,1.0,1.0,1.0,1.0,1.0,Makeup Remover,"LogisticRegression(C=1.0, class_weight=None, dual=False, fit_intercept=True,
                   intercept_scaling=1, l1_ratio=None, max_iter=1000,
                   multi_class='auto', n_jobs=None, penalty='l2',
                   random_state=42, solver='lbfgs', tol=0.0001, verbose=0,
                   warm_start=False)","LogisticRegression(C=8.426, class_weight='balanced', dual=False,
                   fit_intercept=True, intercept_scaling=1, l1_ratio=None,
                   max_iter=1000, multi_class='auto', n_jobs=None, penalty='l2',
                   random_state=42, solver='lbfgs', tol=0.0001, verbose=0,
                   warm_start=False)"
1.0,0.0,1.0,1.0,1.0,1.0,1.0,Makeup Remover,"LogisticRegression(C=1.0, class_weight=None, dual=False, fit_intercept=True,
                   intercept_scaling=1, l1_ratio=None, max_iter=1000,
                   multi_class='auto', n_jobs=None, penalty='l2',
                   random_state=42, solver='lbfgs', tol=0.0001, verbose=0,
                   warm_start=False)","LogisticRegression(C=8.426, class_weight='balanced', dual=False,
                   fit_intercept=True, intercept_scaling=1, l1_ratio=None,
                   max_iter=1000, multi_class='auto', n_jobs=None, penalty='l2',
                   random_state=42, solver='lbfgs', tol=0.0001, verbose=0,
                   warm_start=False)"
0.9759,0.0,0.9759,0.98,0.9746,0.9593,0.96,Makeup Remover,"LogisticRegression(C=1.0, class_weight=None, dual=False, fit_intercept=True,
                   intercept_scaling=1, l1_ratio=None, max_iter=1000,
                   multi_class='auto', n_jobs=None, penalty='l2',
                   random_state=42, solver='lbfgs', tol=0.0001, verbose=0,
                   warm_start=False)","LogisticRegression(C=8.426, class_weight='balanced', dual=False,
                   fit_intercept=True, intercept_scaling=1, l1_ratio=None,
                   max_iter=1000, multi_class='auto', n_jobs=None, penalty='l2',
                   random_state=42, solver='lbfgs', tol=0.0001, verbose=0,
                   warm_start=False)"
0.988,0.0,0.988,0.9886,0.9875,0.9797,0.98,Makeup Remover,"LogisticRegression(C=1.0, class_weight=None, dual=False, fit_intercept=True,
                   intercept_scaling=1, l1_ratio=None, max_iter=1000,
                   multi_class='auto', n_jobs=None, penalty='l2',
                   random_state=42, solver='lbfgs', tol=0.0001, verbose=0,
                   warm_start=False)","LogisticRegression(C=8.426, class_weight='balanced', dual=False,
                   fit_intercept=True, intercept_scaling=1, l1_ratio=None,
                   max_iter=1000, multi_class='auto', n_jobs=None, penalty='l2',
                   random_state=42, solver='lbfgs', tol=0.0001, verbose=0,
                   warm_start=False)"
0.9639,0.0,0.9639,0.9621,0.9624,0.9391,0.9393,Makeup Remover,"LogisticRegression(C=1.0, class_weight=None, dual=False, fit_intercept=True,
                   intercept_scaling=1, l1_ratio=None, max_iter=1000,
                   multi_class='auto', n_jobs=None, penalty='l2',
                   random_state=42, solver='lbfgs', tol=0.0001, verbose=0,
                   warm_start=False)","LogisticRegression(C=8.426, class_weight='balanced', dual=False,
                   fit_intercept=True, intercept_scaling=1, l1_ratio=None,
                   max_iter=1000, multi_class='auto', n_jobs=None, penalty='l2',
                   random_state=42, solver='lbfgs', tol=0.0001, verbose=0,
                   warm_start=False)"
0.9855,0.0,0.9855,0.9862,0.9849,0.9756,0.9759,Makeup Remover,"LogisticRegression(C=1.0, class_weight=None, dual=False, fit_intercept=True,
                   intercept_scaling=1, l1_ratio=None, max_iter=1000,
                   multi_class='auto', n_jobs=None, penalty='l2',
                   random_state=42, solver='lbfgs', tol=0.0001, verbose=0,
                   warm_start=False)","LogisticRegression(C=8.426, class_weight='balanced', dual=False,
                   fit_intercept=True, intercept_scaling=1, l1_ratio=None,
                   max_iter=1000, multi_class='auto', n_jobs=None, penalty='l2',
                   random_state=42, solver='lbfgs', tol=0.0001, verbose=0,
                   warm_start=False)"
0.0141,0.0,0.0141,0.0142,0.0147,0.0237,0.0235,Makeup Remover,"LogisticRegression(C=1.0, class_weight=None, dual=False, fit_intercept=True,
                   intercept_scaling=1, l1_ratio=None, max_iter=1000,
                   multi_class='auto', n_jobs=None, penalty='l2',
                   random_state=42, solver='lbfgs', tol=0.0001, verbose=0,
                   warm_start=False)","LogisticRegression(C=8.426, class_weight='balanced', dual=False,
                   fit_intercept=True, intercept_scaling=1, l1_ratio=None,
                   max_iter=1000, multi_class='auto', n_jobs=None, penalty='l2',
                   random_state=42, solver='lbfgs', tol=0.0001, verbose=0,
                   warm_start=False)"
